<?xml version="1.0" encoding="UTF-8"?>
<project-private xmlns="http://www.netbeans.org/ns/project-private/1">
    <editor-bookmarks xmlns="http://www.netbeans.org/ns/editor-bookmarks/2" lastBookmarkId="0"/>
    <open-files xmlns="http://www.netbeans.org/ns/projectui-open-files/2">
        <group>
            <file>file:/C:/Users/mchallenger/Documents/NetBeansProjects/EV3-Java/src/ev3/java/ColorSensorEx.java</file>
            <file>file:/C:/Users/mchallenger/Documents/NetBeansProjects/EV3-Java/src/example/robotics/ev3/sensor/TouchSensorExample.java</file>
            <file>file:/C:/Users/mchallenger/Documents/NetBeansProjects/EV3-Java/src/ev3/java/MotorTouchEx.java</file>
            <file>file:/C:/Users/mchallenger/Documents/NetBeansProjects/EV3-Java/src/example/robotics/ev3/sensor/DetectBlueBall.java</file>
            <file>file:/C:/Users/mchallenger/Documents/NetBeansProjects/EV3-Java/src/ev3/java/DetectBlueBall.java</file>
        </group>
    </open-files>
</project-private>
